{
  "side": {
    "clip_limit": 1.0,
    "tile_grid_size": [
      32,
      32
    ],
    "psnr": 24.86200840841065,
    "ssim": 2.896744135435471
  },
  "front": {
    "clip_limit": 5.0,
    "tile_grid_size": [
      4,
      4
    ],
    "psnr": 15.323066772604644,
    "ssim": 2.135251791364925
  }
}