{
  "side": {
    "gamma": 0.8,
    "psnr": 24.681084002291882,
    "ssim": 2.792844939062282
  },
  "front": {
    "gamma": 0.5,
    "psnr": 24.12174518166939,
    "ssim": 2.2521346914491964
  }
}